Top queries,Clicks,Impressions,CTR,Position
homea,3113,16327,19.07%,3.92
refrigerador panelable,965,15680,6.15%,4.44
homea queretaro,239,890,26.85%,1.99
refrigeradores panelables,187,1980,9.44%,3.34
fpru19f8wf,183,2078,8.81%,4.4
ccwsz57l18dm,169,1782,9.48%,2.57
refrigerador sub-zero pro 48 precio,157,1843,8.52%,4.73
refrigerador sub-zero precio,153,2999,5.1%,3.94
lavavajillas panelable,148,5449,2.72%,6.04
whc18t521stwc,137,1930,7.1%,3.7
campana downdraft,100,2074,4.82%,3.16
pasto sintetico queretaro,97,6167,1.57%,9.41
refrigerador panelable whirlpool,95,985,9.64%,2.53
asador de gas empotrable,93,2363,3.94%,4.83
refrigerador counter depth,87,677,12.85%,1.77
cgu366p2ts1,82,1024,8.01%,3.55
refrigerador frigidaire,80,17334,0.46%,8.88
prf0173669,78,387,20.16%,1.76
refrigerador panelable mexico,76,559,13.6%,2.94
parrilla wolf precio,71,1393,5.1%,5.32
refrigerador sub zero precio,70,2470,2.83%,3.97
jx160,68,854,7.96%,2.87
ei33ar80ws,65,630,10.32%,3.46
estufa wolf,64,5149,1.24%,7.97
frigidaire refrigerador,63,13248,0.48%,8.52
gemelos electrolux,59,401,14.71%,1.39
refrigerador 80 cm ancho,53,3998,1.33%,2.19
asadores queretaro,53,639,8.29%,5.03
gemelos frigidaire,53,454,11.67%,4.24
estufa monogram precio,51,1770,2.88%,5.94
refrigerador empotrable,50,3801,1.32%,10.12
fpfu19f8wf,50,903,5.54%,4.92
arboles artificiales,47,3028,1.55%,8.13
estufas wolf precios,47,2143,2.19%,5.11
gempdf19ebtcds,47,614,7.65%,4.43
uvw93642pss,47,479,9.81%,3.61
zgu366ntss,46,860,5.35%,5.76
zir361nprii,46,615,7.48%,6.42
sauna,45,13969,0.32%,10.71
chimenea de leña para interior,45,2135,2.11%,6.52
estufa wolf precio,45,1799,2.5%,4.81
cafetera empotrable,44,4226,1.04%,8.69
refrigerador sub zero,43,8908,0.48%,9.64
ziss480dnss,42,607,6.92%,5.6
prf0192779,42,281,14.95%,2.37
estufas de cassette,41,373,10.99%,5.26
parrilla wolf,40,1838,2.18%,5.76
zgu486ndtss,40,447,8.95%,3.28
jacuzzi queretaro,39,1333,2.93%,7.71
prf0190023,39,151,25.83%,1.96
gemidf25eyrcfs,38,685,5.55%,5.79
electrolux refrigerador,36,5165,0.7%,9.14
campana telescopica,36,2922,1.23%,7.38
emc80130s0,36,444,8.11%,3.12
sauna queretaro,34,1479,2.3%,9.08
estufas profesionales,34,1141,2.98%,5.16
lkuix535pps,34,1047,3.25%,5.27
refrigerador viking precio,34,826,4.12%,1.48
swt-fltr-4,34,375,9.07%,5.09
jx7230slss,34,338,10.06%,5.01
arbol artificial,33,4712,0.7%,8.37
aire acondicionado queretaro,33,2910,1.13%,10.01
parrilla cafe,33,1577,2.09%,7.18
refrigerador subzero precio,33,1231,2.68%,4.45
refrigerador paneable,33,599,5.51%,4.2
gempdf21eyrcfs,33,357,9.24%,4.95
parrilla monogram precio,33,303,10.89%,1.76
chimeneas de leña para interiores,32,1525,2.1%,7.17
asadores de gas empotrables,32,565,5.66%,4.3
refrigerador electrolux,31,6267,0.49%,8.41
enfriador de bebidas,31,4165,0.74%,11.05
ksg9p4x,31,1523,2.04%,3.75
estufa de cassette,31,819,3.79%,2.6
prf0097796a,31,262,11.83%,2.9
7mmvwb855ec,31,225,13.78%,1.52
estufa profesional,30,2209,1.36%,7.81
campana cilindrica,30,908,3.3%,4.99
cm7648piw0,30,796,3.77%,6.91
ei33af80ws,30,529,5.67%,4.72
gaggenau precios,30,493,6.09%,5.74
que minisplit comprar,30,236,12.71%,1.52
centro de lavado electrico,29,9869,0.29%,10.06
refri panelable,29,1534,1.89%,4.54
pgp95kmnn0,29,1323,2.19%,6.4
gcl2340psbb0,29,236,12.29%,2.83
refrigerador electrolux precio,28,3070,0.91%,8.31
refrigerador de 80 cm de ancho,27,2203,1.23%,1.61
parrilla con campana integrada,27,1162,2.32%,6.33
cajon congelador,27,1018,2.65%,3.67
como elegir un minisplit,27,957,2.82%,4.9
estufa profesional para casa,27,665,4.06%,4.41
gaggenau mexico,27,638,4.23%,5.47
refrigerador 70 cm ancho,26,1878,1.38%,2.04
cajon refrigerador,26,1549,1.68%,5.48
centro de lavado eléctrico 220v,26,1279,2.03%,5.15
smeg refrigerador panelable,26,848,3.07%,4.49
electrolux icon refrigerador,26,371,7.01%,1.24
asador de gas,25,6697,0.37%,15.53
asador para empotrar,25,1510,1.66%,6.26
wre57bktww,25,1321,1.89%,5.06
frigobar empotrable,25,814,3.07%,1.71
asador gas empotrable,25,432,5.79%,4.17
prf0173672,25,317,7.89%,2.82
tarja de submontar,24,3673,0.65%,6.22
lavavajillas de piso,23,4320,0.53%,5.82
refrigerador panelable smeg,23,1498,1.54%,4.68
refrigerador viking,23,1485,1.55%,8.57
tarja de 3 tinas,23,956,2.41%,1.73
smeg panelable,23,749,3.07%,4.55
parrilla teppanyaki,23,640,3.59%,6.07
refrigerador con puertas panelables,23,630,3.65%,2.49
ecws3012as,23,202,11.39%,2.69
refrigerador monogram precio,22,1185,1.86%,2.48
asador empotrable de gas,22,783,2.81%,5.25
clgg70214bab0,22,606,3.63%,5.59
invisacook precio,22,424,5.19%,3.03
refrigerador whirlpool panelable,22,261,8.43%,2.59
sub zero refrigerador,21,3025,0.69%,10.4
arboles artificiales grandes,21,976,2.15%,7.03
microondas con trim,21,956,2.2%,2.5
electrolux icon,21,661,3.18%,2.77
peb7227andd,21,640,3.28%,8.05
pasto artificial queretaro,21,529,3.97%,5.42
r31831i,21,390,5.38%,4.38
vec530,21,349,6.02%,5.85
frigidaire fpru19f8wf,21,210,10%,3.73
refrigerador sub zero pro 48 precio,21,122,17.21%,2.08
aires acondicionados queretaro,20,1752,1.14%,9.36
chimenea interior,20,1090,1.83%,5.39
refrigerador de 70 cm de ancho,20,1067,1.87%,2.49
rme360fdmrd0,20,914,2.19%,6.62
emc5044cais0,20,876,2.28%,6.17
arboles artificiales para interior,20,830,2.41%,5.85
cava empotrable,20,823,2.43%,2.53
plantas artificiales para exterior,20,556,3.6%,9.11
pmo050x2bb0,20,437,4.58%,2.76
estufas profesionales para casa,20,372,5.38%,4.32
zdp366ntss,20,334,5.99%,4.5
asador empotrable gas,20,278,7.19%,6.19
dfi664,20,158,12.66%,6.06
tipos de estufas,19,5294,0.36%,8.9
parrilla de gas 1 quemador,19,3144,0.6%,6.14
purificador de agua mabe,19,2863,0.66%,7.86
refrigerador subzero,19,2226,0.85%,8.34
wee745h0lz,19,847,2.24%,6.46
refrigerador 90 cm ancho,19,781,2.43%,4.3
ma0c80300ci4,19,639,2.97%,5.9
cpf48ugmx,19,502,3.78%,5.19
pasto artificial,18,9194,0.2%,12.59
estufa viking,18,2350,0.77%,9.45
subzero refrigerador,18,2094,0.86%,7.87
cava de vinos empotrable,18,1190,1.51%,3.68
cb300u,18,1164,1.55%,3.63
parrilla viking,18,1122,1.6%,2.61
plantas artificiales queretaro,18,381,4.72%,5.97
asador de gas para empotrar,18,364,4.95%,4.18
frigidaire professional refrigerador,18,340,5.29%,3.14
csb48wp2ns1,18,312,5.77%,6.73
pvp3021,18,299,6.02%,4.46
refrigerador electrolux icon,18,245,7.35%,2.22
invisacook mexico,18,151,11.92%,4.56
gcws3067af,18,145,12.41%,2.57
centro de lavado maytag,17,3633,0.47%,9.21
tarja submontar,17,3316,0.51%,8.9
pot filler,17,1863,0.91%,7.38
parrilla wolf 6 quemadores,17,1234,1.38%,7.35
pasto sintetico en queretaro,17,476,3.57%,8.01
lavadora 60 cm ancho,17,453,3.75%,1.78
centro de lavado 220v,17,374,4.55%,4.14
refrigerador puertas panelables,17,269,6.32%,2.46
refrigerador paneleable,17,264,6.44%,3.86
cts90dp2ns1,17,260,6.54%,3.8
zsb9232nss,17,256,6.64%,4.69
whirlpool panelable,17,231,7.36%,2.63
csb913p2ns1,17,226,7.52%,3.92
sub zero refrigerador precio,17,214,7.94%,2.32
cts90dp4nw2,17,170,10%,3.81
uxb1200dys,17,164,10.37%,8.91
estufa 90 cm,16,664,2.41%,4.36
árboles artificiales para interiores,16,594,2.69%,5.56
refrigerador mabe 32 pies,16,557,2.87%,3.33
cgy366p2ts1,16,553,2.89%,5.73
cgu366p4tw2,16,492,3.25%,4.13
clgg70214dab0,16,433,3.7%,4.6
kseb900ess,16,417,3.84%,6.7
cb2485u,16,342,4.68%,3.49
frigidaire refrigerador y congelador,16,275,5.82%,2.4
asadores en queretaro,16,229,6.99%,6.1
trmktez2lv79,16,224,7.14%,4.79
prf0141607a,16,150,10.67%,3.31
estufa wolf precio méxico,16,131,12.21%,2.79
sistema de nebulización para terrazas,16,123,13.01%,3.36
estufas wolf,15,2523,0.59%,9.41
asadores de gas,15,1710,0.88%,14.56
cajon frio,15,1279,1.17%,5.94
horno wolf precio,15,1182,1.27%,3.84
parrillas wolf,15,1138,1.32%,6.62
downdraft,15,869,1.73%,5.28
sala de plastico,15,712,2.11%,1.32
frigidaire professional,15,706,2.12%,6.24
frww4543as,15,445,3.37%,5
sauna precios méxico,15,443,3.39%,7.48
kele go 3,15,338,4.44%,7.51
c2c36lp,15,292,5.14%,6.01
enfriador de vinos empotrable,15,281,5.34%,3.31
pasto sintético querétaro precios,15,281,5.34%,5.32
refrigerador gaggenau,15,280,5.36%,3.62
fortum griferia,15,186,8.06%,4.56
trim jx160,15,176,8.52%,3.81
enseres menores,14,4214,0.33%,3.43
refrigerador frigidaire dos puertas,14,1520,0.92%,10.54
marcas de asadores,14,1448,0.97%,9.24
bertazzoni mexico,14,1212,1.16%,10.97
wolf estufas,14,1176,1.19%,9.39
mwrf220sehv,14,929,1.51%,7
subzero refrigerator,14,919,1.52%,5.57
refrigerador smeg panelable,14,891,1.57%,3.74
asador de gas acero inoxidable,14,861,1.63%,7.77
pdf21eyrcfs,14,659,2.12%,7.64
parrilla profesional,14,630,2.22%,4.63
pasto sintético querétaro,14,576,2.43%,7.78
kdd90cne,14,567,2.47%,4.43
fmiu330xt1,14,554,2.53%,4.77
t36ir905sp,14,517,2.71%,3.07
fd3620uwi,14,436,3.21%,3.83
io6062hewi1,14,375,3.73%,4.64
refrigerador frigidaire professional,14,326,4.29%,4.53
koce500ebs,14,248,5.65%,6.1
refrigerador gemelos frigidaire,14,181,7.73%,3.31
prf0095073a,14,172,8.14%,3.66
pnf25fyrcfs pdf,14,122,11.48%,5.14
electrolux ecws3012as,14,34,41.18%,2.56
jacuzzi,13,4726,0.28%,11.49
estufa cafe,13,2722,0.48%,6.83
tarja de sobreponer,13,2308,0.56%,6.84
tarja sobreponer,13,1464,0.89%,6.62
refrigerador blanco con dorado,13,1462,0.89%,7.04
parrilla monogram,13,1451,0.9%,13.35
chimeneas de leña,13,1339,0.97%,13.96
refrigerador monogram,13,1291,1.01%,7.94
xoc80790ct3,13,717,1.81%,6.53
pgp75kmti0,13,523,2.49%,6.41
la cornue precios,13,450,2.89%,9.1
ksgt124x,13,387,3.36%,3.07
parrilla de induccion con campana integrada,13,384,3.39%,6.44
catalogo mabe,13,339,3.83%,3.74
wolf estufas precio,13,301,4.32%,6.13
fn31831i,13,286,4.55%,4.14
estufa de 90 cm,13,273,4.76%,4.19
fpid2498sf,13,259,5.02%,30.01
chimenea suspendida,13,256,5.08%,5.2
cvw93644pwm,13,253,5.14%,4.55
la cornue mexico,13,214,6.07%,5.46
ksm2fpa,13,208,6.25%,7.85
thermador mexico,13,205,6.34%,8.98
socu2300mx,13,204,6.37%,3.04
dem7673cfix4,13,177,7.34%,5.32
electrolux ei33ar80ws,13,120,10.83%,4.54
parrilla de submontar,13,104,12.5%,1
jcas640rmss,13,92,14.13%,14.79
subzero,12,11604,0.1%,10.47
refrigerador frigidaire precio,12,1650,0.73%,9.08
fortum,12,1646,0.73%,7.44
asadores,12,1361,0.88%,18.18
calentadores de gas para exteriores,12,932,1.29%,9.71
stl281smx,12,772,1.55%,4.42
tarjas submontar,12,725,1.66%,6.44
refrigeradores empotrables,12,675,1.78%,7.8
glv1460fss,12,613,1.96%,6.82
chimeneas para interiores,12,576,2.08%,7.59
hm6031ewai0,12,498,2.41%,8.44
extractor de jugos smeg,12,471,2.55%,6.79
smeg cb300u,12,466,2.58%,8.62
cb3620uwi,12,455,2.64%,4.05
calentadores para terrazas,12,413,2.91%,7.63
asador de empotrar,12,407,2.95%,5.75
srt366,12,377,3.18%,5.9
stm8249p,12,354,3.39%,5.55
pmo100y5bb0,12,302,3.97%,5.64
refrigerador sub-zero méxico precio,12,294,4.08%,3.25
lavavajilla panelable,12,282,4.26%,4.47
zvw1480spss,12,259,4.63%,5.58
wee750h0hz,12,252,4.76%,5.77
prf0106864b,12,221,5.43%,2.77
pgf96k-4,12,209,5.74%,3.95
asko r31831i,12,152,7.89%,27.99
pareja frigidaire,12,48,25%,1.15
c2c34lp,12,45,26.67%,2.6
tarja de una tina,11,4181,0.26%,9.31
estufa marca cafe,11,2631,0.42%,5.9
como saber que minisplit necesito,11,1324,0.83%,8.75
fabrica de hielos,11,1214,0.91%,10.93
parrilla de 1 quemador de gas,11,1062,1.04%,5.82
cb300ui,11,1034,1.06%,4.83
dw2450,11,947,1.16%,5.23
microondas wolf,11,913,1.2%,6.61
wolf estufa,11,707,1.56%,8.04
frigobar panelable,11,678,1.62%,13.55
koce500ess,11,596,1.85%,7.89
rmb520ibmrp1,11,575,1.91%,6.53
clgg70214dab00,11,451,2.44%,3.66
fmiu330x,11,439,2.51%,5.21
io6056hewi1,11,438,2.51%,5.03
butzke muebles,11,370,2.97%,4.75
smeg extractor de jugos,11,298,3.69%,7.11
como saber que minisplit comprar,11,293,3.75%,3.06
microondas wolf precio,11,247,4.45%,2.72
zts90dpsnss,11,237,4.64%,5.97
dacor mexico,11,212,5.19%,6.7
pm64iv0,11,199,5.53%,3.45
campana elica precio,11,195,5.64%,5.77
whirlpool wre57bktww,11,182,6.04%,4.3
zidi240hii,11,176,6.25%,4.22
whirlpool refrigerador panelable,11,133,8.27%,2.62
infratech mexico,11,133,8.27%,5.83
campanas downdraft,11,129,8.53%,2.48
fpru19f8wf frigidaire,11,123,8.94%,3.01
gmtk3068af,11,115,9.57%,2.93
lavaplatos panelable,11,98,11.22%,4.63
wmh54521jv,11,92,11.96%,13.33
catalogo mabe 2024,11,34,32.35%,1.24
asador electrico,10,5004,0.2%,7.56
refrigerador de vinos,10,4285,0.23%,13.07
refrigerador con puerta de cristal,10,3165,0.32%,10.18
7mwet4027hw,10,1833,0.55%,8.81
sfu4300mx,10,1561,0.64%,7.25
tipos de tarjas,10,1375,0.73%,6.98
saunas,10,1148,0.87%,18.64
horno de gas empotrable 60 cm,10,1129,0.89%,7.29
comedor para exterior 6 sillas,10,1103,0.91%,7.06
asador tipo argentino,10,985,1.02%,8.95
kcgc506jss,10,980,1.02%,9.76
cajones refrigerados,10,972,1.03%,5
parrilla con extractor integrado,10,786,1.27%,8.91
tarjas con escurridor,10,736,1.36%,6.93
mgs8800fz,10,672,1.49%,20.82
io6062hgwi1,10,560,1.79%,8.36
refrigerador 60 cm de profundidad,10,539,1.86%,8.9
estufa de empotre 80 cm,10,516,1.94%,4.56
tarja 3 tinas,10,441,2.27%,2.33
pdf19ebtcds,10,438,2.28%,8.12
7mkrff300ebs,10,437,2.29%,4.45
viking estufa,10,416,2.4%,9.42
macetas queretaro,10,413,2.42%,7.65
lamparas redondas para exterior,10,382,2.62%,1.86
mtk330x,10,375,2.67%,2.47
sauna venta,10,327,3.06%,6.88
asadores empotrables de gas,10,293,3.41%,4.85
lavadoras de 60 cm de ancho,10,293,3.41%,5.1
panelable refrigerador,10,282,3.55%,4.04
em7659bfis3,10,278,3.6%,6.33
kbsd602ess,10,264,3.79%,17.19
kbsn608epa,10,217,4.61%,18.51
cwe19sp2ns9,10,202,4.95%,4.15
calentadores de techo para terrazas,10,200,5%,2.7
estufa color rojo,10,193,5.18%,3.64
refrigerador electrolux icon precio,10,192,5.21%,1.8
cove dw2450,10,170,5.88%,4.88
electrolux refrigerador y congelador,10,151,6.62%,1.72
microcampana mabe,10,151,6.62%,2.17
muebles para jardin en queretaro,10,142,7.04%,2.9
muebles de jardin en queretaro,10,140,7.14%,2.15
tina cold plunge,10,130,7.69%,4.95
frigidaire fpfu19f8wf,10,104,9.62%,4.9
refrigeradores panelables mexico,10,99,10.1%,3.42
vinv1200,10,82,12.2%,15.74
stm8649p,10,75,13.33%,2.53
campana extractora downdraft,10,69,14.49%,4.09
kitchenaid 740-0781,10,59,16.95%,26.53
electrolux refrigerador gemelos,10,58,17.24%,1.31
prf0097795a,10,57,17.54%,2.56
cava de vinos,9,7963,0.11%,18.39
refrigerador puerta de cristal,9,3709,0.24%,9.84
cafeteras empotrables,9,1527,0.59%,9.07
tipo de estufas,9,1382,0.65%,8.49
purificador de agua mabe precio,9,968,0.93%,5.69
cajon refrigerado,9,910,0.99%,5.1
rtu366gx,9,906,0.99%,5.9
tipos de tarjas para cocina,9,837,1.08%,9.66
"refrigerador dúplex side-by-side 585 l, 21 p3 gris acero",9,612,1.47%,4.29
pnm22mdthds,9,553,1.63%,7.71
asadores para empotrar,9,526,1.71%,6.25
mgc7536ds,9,461,1.95%,7.18
cfe28tp4mw2,9,388,2.32%,8.03
refrigeradores de 80 cm de ancho,9,353,2.55%,1.59
rms400iamrp0,9,342,2.63%,6.7
mge14xaf,9,340,2.65%,8.88
lea77114cbab0,9,305,2.95%,4.69
io8095getsx0,9,293,3.07%,4.1
frigobar subzero,9,287,3.14%,3.48
cviu338rx1,9,281,3.2%,3.52
saunas en queretaro,9,279,3.23%,8.27
ma0c80500ci3,9,239,3.77%,5.79
pl401912,9,234,3.85%,5.88
ffwc3822qs,9,185,4.86%,26.62
gdf650smjes,9,169,5.33%,21.31
wre57bktww whirlpool,9,157,5.73%,3.04
fpmo227nuf,9,154,5.84%,24.77
zdbr240nbs,9,143,6.29%,7.61
srcp065a-1su,9,139,6.47%,4.12
pgp95iv0,9,135,6.67%,3.93
zvw1360spss,9,134,6.72%,6.14
kvwc958jss,9,120,7.5%,8.72
purificador de mesa 5 etapas negro mabe - pmo075z3ns0,9,115,7.83%,4.09
cts90dp3nd1,9,112,8.04%,4.71
electrolux ei33af80ws,9,108,8.33%,4.19
kvwc956jss,9,104,8.65%,10.62
refrigerador counter depth mexico,9,67,13.43%,1.85
monogram zir361nprii,9,55,16.36%,19.35
zdwr240hbs,9,49,18.37%,13.41
lavavajillas,8,7605,0.11%,26.39
plantas artificiales,8,3588,0.22%,30.38
refrigerador gemelo,8,1704,0.47%,9.92
sub zero refrigerator,8,1543,0.52%,9.22
refrigeradores electrolux,8,1510,0.53%,8.83
filtro de agua mabe,8,1491,0.54%,5.38
estufas viking,8,1467,0.55%,10.66
baños de vapor en queretaro,8,1327,0.6%,8.74
wdf730sfgd,8,1265,0.63%,7.92
gemelos whirlpool,8,1240,0.65%,7.04
refrigerador y congelador gemelos,8,1150,0.7%,12.62
parrilla electrica bosch,8,971,0.82%,7.43
chimenea de leña,8,806,0.99%,10.83
estufas viking precios,8,795,1.01%,7.35
io6056hgwi1,8,665,1.2%,8.52
deu2450w,8,591,1.35%,4.9
kose500ess,8,591,1.35%,9.44
asador empotrable,8,576,1.39%,20.6
arbol artificial grande,8,552,1.45%,11.67
counter depth refrigerator,8,544,1.47%,15.19
sx91vjm2,8,540,1.48%,7.66
microondas de cajon,8,524,1.53%,9.62
refrigerador para empotrar,8,464,1.72%,3.92
pp930smss1,8,419,1.91%,7.22
parrilla frigidaire,8,389,2.06%,3.22
muebles de exterior,8,359,2.23%,29.18
parrilla asador de gas,8,350,2.29%,8.17
krfc704fss,8,346,2.31%,19.94
wolf parrilla,8,340,2.35%,4.53
otr316xu,8,338,2.37%,5.72
em7660cfix1,8,329,2.43%,7.07
lavadora de 60 cm de ancho,8,310,2.58%,2.55
estufa electrica de piso,8,297,2.69%,2.57
arbol artificial para interior,8,282,2.84%,5.16
mtk2230pz,8,258,3.1%,6.65
ksg9p4x smeg,8,252,3.17%,4.08
asador de gas lp,8,245,3.27%,5.24
wos72ec0hs,8,243,3.29%,14.26
estufa smeg 90 cm,8,237,3.38%,5.16
wolf parrillas,8,237,3.38%,5.92
horno electrolux eléctrico,8,235,3.4%,7.51
solo refrigerador,8,233,3.43%,3.58
mast366qbxt,8,228,3.51%,4.5
down draft,8,205,3.9%,3.49
sfpr9604tnr,8,205,3.9%,6.03
pl462212,8,198,4.04%,4.04
cl4850s/s/t,8,196,4.08%,4.22
como escoger un minisplit,8,192,4.17%,4.53
axcent catalogo,8,169,4.73%,5.95
sf4390mcxk,8,159,5.03%,5.5
mk2220az,8,158,5.06%,10.22
zgp366ntss,8,155,5.16%,4.32
zgp304ntss,8,153,5.23%,3.31
estufa cassette,8,128,6.25%,2.8
prf0120352a,8,118,6.78%,2.94
dce33pa-1ssd,8,118,6.78%,5.81
nebulizador para terrazas,8,100,8%,3.69
upk4,8,85,9.41%,2.81
ei33af80ws electrolux,8,79,10.13%,3.92
smeg fiat 500,8,62,12.9%,12.45
como saber cual minisplit comprar,8,61,13.11%,1.84
smeg se395etb,8,57,14.04%,5.25
pasto sintetico,7,3003,0.23%,35.12
pasto artificial precio,7,1821,0.38%,7.52
calentadores para exteriores,7,1688,0.41%,9.32
baño sauna,7,1614,0.43%,10.63
refrigerador 5 puertas,7,1458,0.48%,5.26
refrigerador gemelos,7,1419,0.49%,12.08
refrigerador bajo cubierta,7,1326,0.53%,11.67
viking refrigerador,7,1261,0.56%,7.74
refrigerador de 60 cm de ancho,7,1194,0.59%,11.07
estufa marca cafe precio,7,1170,0.6%,7.34
estufa wolf 6 quemadores precio,7,1123,0.62%,10.42
refrigeradores sub zero precios,7,1075,0.65%,5.69
estufa empotrable 80 cm,7,1041,0.67%,6.29
parrilla bosch 5 quemadores,7,926,0.76%,11.25
ms24,7,814,0.86%,8.12
glv1890xss0,7,720,0.97%,6.81
pyf19jyrffs,7,694,1.01%,5.8
pff27jyrffs,7,677,1.03%,8.42
mge16xnejs,7,625,1.12%,8.52
kdd90cne2,7,619,1.13%,6.31
árboles artificiales,7,565,1.24%,8.67
cgy366p4tw2,7,564,1.24%,7.35
refrigeradores electrolux precios,7,549,1.28%,7.65
filtros de agua mabe,7,544,1.29%,6.08
parrilla 1 quemador gas,7,488,1.43%,5.77
asadores empotrables,7,486,1.44%,8.24
kele go 2,7,425,1.65%,6.85
so4604m2pnr,7,423,1.65%,6.08
pgp95emnn0,7,412,1.7%,5.84
pm7655gpv0,7,366,1.91%,5.06
smeg cb300ui,7,345,2.03%,8.49
muebles de jardin exterior,7,335,2.09%,9.14
iom510mzmrn0,7,333,2.1%,5.19
pbt865sspfs,7,328,2.13%,7.93
io6032hgwd0,7,317,2.21%,5.92
mejores lavavajillas mexico,7,313,2.24%,8.11
plv1817xss,7,304,2.3%,4.99
refrigerador 70 cm profundidad,7,288,2.43%,7.89
kit330x,7,287,2.44%,3.01
calentadores para terraza,7,283,2.47%,10.37
horno electrico electrolux,7,261,2.68%,5.28
p905cprox,7,259,2.7%,6.26
cfe28tp3md1,7,256,2.73%,6.25
prf0140694a,7,255,2.75%,6.84
horno frigidaire precio,7,252,2.78%,2.78
refrigerador sub-zero precios,7,242,2.89%,2.88
horno eléctrico frigidaire,7,234,2.99%,2.14
cajones refrigerantes,7,221,3.17%,5.12
congelador de cajon,7,221,3.17%,6.09
so6302m2x,7,216,3.24%,3.55
mabe catalogo,7,213,3.29%,3.6
sauna en venta,7,208,3.37%,7.01
cocina wolf precio,7,205,3.41%,7
counter depth,7,195,3.59%,7.11
campana cilindro,7,191,3.66%,1.49
cdt858p2vs1,7,190,3.68%,2.81
electrolux horno electrico,7,189,3.7%,5.71
xoc80750ci1,7,174,4.02%,5.34
ffbc4622qs,7,173,4.05%,17.98
hgp6065ewai0,7,162,4.32%,4.69
asador de gas natural,7,162,4.32%,4.85
fa490ulx,7,156,4.49%,5.13
precio refrigerador sub zero,7,155,4.52%,3.17
weg745h0lz,7,145,4.83%,4.7
bcm8450uc,7,140,5%,5.6
cmsu4303x,7,138,5.07%,5.11
ercq10t4isb,7,137,5.11%,7.07
campana de cocina cilindrica,7,131,5.34%,3.39
7mmvwb855ec1,7,130,5.38%,6.98
rvrf3361ss,7,124,5.65%,26.99
zif241npnii,7,121,5.79%,6.78
c2sl30lp,7,117,5.98%,5.15
inducción invisible precio,7,115,6.09%,3.07
catalogo axcent,7,101,6.93%,5.17
estufas con patas,7,95,7.37%,3.14
subzero deu2450w,7,94,7.45%,4.12
tmo30h,7,92,7.61%,3.24
trf24u,7,87,8.05%,2.7
wolf srt366,7,84,8.33%,8.11
ffmv1846vs,7,80,8.75%,8.46
ei33ar80ws electrolux,7,50,14%,3.04
combo electrolux,7,41,17.07%,6.2
parrillas monterrey,7,25,28%,22
fotos de homea,7,18,38.89%,2.33
asador kitchenaid,6,2221,0.27%,9.49
tarja una tina,6,1918,0.31%,8.3
refrigeradores sub zero,6,1636,0.37%,11.76
cajones frios,6,1328,0.45%,9.46
refrigeradores frigidaire,6,1316,0.46%,7.47
estufa 80 cm,6,927,0.65%,7.3
pgf96k2,6,911,0.66%,6.93
refrigerador 60 cm ancho,6,871,0.69%,8.85
7mmhw6621hw,6,809,0.74%,9.61
purificador mabe,6,803,0.75%,8.51
campana io mabe 80 cm,6,754,0.8%,9.87
sf6301tvx,6,738,0.81%,5.33
frigidaire refrigerador precio,6,685,0.88%,7.71
idf25eyrcfs,6,561,1.07%,7.84
refrigeradores con puerta de cristal,6,553,1.08%,10.16
tarja submontar 1 tina,6,543,1.1%,4.99
zv36tsfss,6,533,1.13%,43.11
horno marca cafe,6,498,1.2%,4.3
khs3217a,6,494,1.21%,6.76
refrigerador de bebidas,6,477,1.26%,10.99
id-24r,6,476,1.26%,3.9
kset92t,6,470,1.28%,8.11
parrilla electrica 220v,6,441,1.36%,7.83
pbp665sspfs,6,428,1.4%,8.81
ma0c80280ci4,6,426,1.41%,4.12
estufa la cornue precio,6,420,1.43%,8.23
khs3219,6,417,1.44%,4.41
fogatero de leña,6,405,1.48%,6.6
parrillas profesionales,6,405,1.48%,16.26
asador empotrado,6,404,1.49%,9.16
si2741d,6,396,1.52%,6.33
cm9018i2i,6,390,1.54%,6.67
frigobar bajo cubierta,6,381,1.57%,4.07
spr30uggx,6,379,1.58%,8.51
rma210pymrp0,6,375,1.6%,5.56
pgf95k-4,6,370,1.62%,7.51
parrilla 1 quemador,6,367,1.63%,10.87
marcas de tarjas de acero inoxidable,6,366,1.64%,7.1
so3050pm/s/p,6,350,1.71%,4.37
zif361nprii,6,344,1.74%,7.71
kost100ess,6,321,1.87%,8.35
estufa mabe em7660cfix1,6,317,1.89%,7.13
estufas miele,6,280,2.14%,9.22
estufas maytag acero inoxidable,6,278,2.16%,3.12
emh7614datbs0,6,274,2.19%,8.16
zdwr240nbs,6,271,2.21%,7.3
refrigeradores para vinos,6,265,2.26%,13.95
cafe parrilla,6,252,2.38%,3.7
kose500ebs,6,249,2.41%,6.45
onm23wgthfs,6,235,2.55%,7.89
sopu3304tpx,6,229,2.62%,4.58
chimenea interior leña,6,223,2.69%,7.56
asador argentino empotrable,6,219,2.74%,10.31
asador kitchenaid gas,6,218,2.75%,4.94
koec530pps,6,214,2.8%,4.75
ccp06bp2ps1,6,214,2.8%,5.76
rsdu36r,6,207,2.9%,5.54
horno electrico 80 cm,6,201,2.99%,7.35
cafetera miele empotrable precio,6,201,2.99%,7.45
smeg ksg9p4x,6,193,3.11%,5.18
campana stargaze extractora tipo telescópica de 87 cm,6,193,3.11%,5.51
sf4301mxk,6,191,3.14%,6.36
refrigerador cajon,6,189,3.17%,5.39
ma0c80300ci3,6,188,3.19%,5.42
prof366rtbxt,6,187,3.21%,4.54
cdt858p4vw2,6,182,3.3%,3.88
microondas frigidaire professional,6,169,3.55%,1.6
counter depth fridge,6,167,3.59%,15.31
minisplit queretaro,6,161,3.73%,5.86
pi543418,6,160,3.75%,8.84
electrodomesticos queretaro,6,153,3.92%,7.44
csb913p4nw2,6,142,4.23%,6.34
zids240nss,6,139,4.32%,8.1
horno alfa forni precio,6,131,4.58%,5.01
sub zero refrigerator precio,6,123,4.88%,4.49
cajon refrigerante,6,120,5%,6.94
lma71215wdab0,6,119,5.04%,3.4
dio1403thss,6,110,5.45%,3.24
wos72ec0hv,6,103,5.83%,24.7
csb913p2vs1,6,93,6.45%,2.14
campana stargaze,6,91,6.59%,3.25
cdt845p3nd1,6,89,6.74%,11.1
lavadora asko precio,6,87,6.9%,4.18
parrilla marca cafe,6,84,7.14%,2.02
fpec3677rf,6,65,9.23%,4.26
downdraft extractor,6,64,9.38%,6.52
lavavajillas 65 cm alto,6,59,10.17%,4.61
zv48rsfss,6,58,10.34%,25
prf0135457b,6,54,11.11%,4.2
zw9000sjss,6,50,12%,36.84
ccwsz57l18dm whirlpool,6,38,15.79%,2.58
refrigerator,5,3323,0.15%,9.25
refrigerador bottom mount,5,2631,0.19%,12.55
refrigerador gemelos whirlpool,5,1531,0.33%,7.33
horno de vapor,5,1405,0.36%,14.86
calentador para exterior,5,1399,0.36%,12.32
refrigerador para vinos,5,1395,0.36%,13.13
asadores de carbon,5,1377,0.36%,36.22
precio de pasto sintetico por metro cuadrado,5,1262,0.4%,9.32
horno wolf,5,1221,0.41%,6.86
pasto sintético precio m2,5,1164,0.43%,9.79
fq55ufx,5,1155,0.43%,8.6
estufa bertazzoni,5,1070,0.47%,12
horno de gas empotrable 80 cm,5,1030,0.49%,8.49
trim para microondas,5,975,0.51%,7.15
cajones refrigerador,5,956,0.52%,6.17
costo de pasto sintetico,5,938,0.53%,7.66
estufa acero inoxidable,5,878,0.57%,10.25
hm6027gwai0,5,842,0.59%,7.78
tarja 70 cm,5,815,0.61%,4.15
refrigerador de puerta de cristal,5,801,0.62%,10.13
calentadores para jardines y exteriores,5,797,0.63%,8.28
wd1610s,5,781,0.64%,8.33
comedor exterior,5,772,0.65%,37.03
mt2170s,5,752,0.66%,6.95
kcgc558jss,5,695,0.72%,6.87
comedor de plastico,5,655,0.76%,3.2
pnm26pgtcfs,5,649,0.77%,9.21
horno alfa,5,618,0.81%,5.59
plantas artificiales para interiores,5,615,0.81%,14.4
krmf706ebs,5,565,0.88%,9.78
viking estufas,5,560,0.89%,9.74
rme360fdmrp0,5,555,0.9%,8.66
chimeneas interiores,5,538,0.93%,8.4
centro de lavado economico,5,536,0.93%,8.26
7mwgd6605mw,5,517,0.97%,8.78
marca de asadores,5,513,0.97%,8.29
dispensadores de agua monterrey,5,488,1.02%,10.78
fc20uxdne,5,485,1.03%,7.09
pio96kmti0,5,485,1.03%,7.54
tarja american standard,5,476,1.05%,4.63
calentador para terraza,5,442,1.13%,9.02
wsz57l18dm,5,429,1.17%,14.37
refrigeradores duplex en oferta,5,427,1.17%,7.21
ge centro de lavado de gas 23kg / 23kg,5,424,1.18%,7.62
asador gas,5,401,1.25%,14.34
wrf535swhz,5,400,1.25%,7.94
blz-ssrf-5.5,5,397,1.26%,34.81
estufa marca café precio,5,392,1.28%,3.94
pp936smss1,5,392,1.28%,8.4
kvuc606kss,5,391,1.28%,5.35
campana monogram,5,381,1.31%,5.66
io9019ci5i,5,380,1.32%,9.46
refrigerador ancho 80 cm,5,353,1.42%,2.27
microondas empotrable 60 cm,5,317,1.58%,8.28
kcgs956ess,5,316,1.58%,11.8
tarjas de sobreponer,5,307,1.63%,5.97
maquina de hielo empotrable,5,297,1.68%,4.69
cual es la mejor lavavajillas en méxico,5,295,1.69%,7.56
smeg fq55ufx,5,290,1.72%,9.36
rmf032pymxx,5,287,1.74%,7.92
subzero fridge,5,281,1.78%,6.5
kmbp100ess,5,281,1.78%,9.64
cgu366p3td1,5,276,1.81%,6.64
gw18xdzbb,5,274,1.82%,7.04
la cornue estufa,5,274,1.82%,8.97
smeg outlet,5,273,1.83%,9.94
tina de inmersion,5,270,1.85%,8.8
estufa profesional series,5,267,1.87%,6.99
io110mdi1,5,266,1.88%,9.02
microondas monogram,5,265,1.89%,8.71
estufa miele precio,5,261,1.92%,7.02
cajon microondas,5,252,1.98%,11.01
prfc2383af,5,247,2.02%,6.81
so4101m0b3k,5,245,2.04%,6.23
kvib606dss,5,245,2.04%,10.58
cgp9019i6i,5,237,2.11%,9.46
purificador de agua mabe pmo050z3sp0,5,231,2.16%,6.44
árboles artificiales baratos,5,225,2.22%,9.07
mge14xejg,5,223,2.24%,8.17
electrodomesticos menores,5,218,2.29%,5.54
io6056hgwi0,5,205,2.44%,7.39
asko refrigerador,5,202,2.48%,6.92
scotsman maquina de hielo,5,202,2.48%,13.02
lmh70203wdab1,5,193,2.59%,6.38
me301yp,5,192,2.6%,3.04
trim para microondas 60 cm,5,189,2.65%,3.72
lavavajillas panelables,5,185,2.7%,4.52
www.homea,5,182,2.75%,5.58
lavavajillas panelable smeg,5,180,2.78%,8.77
ref24bmbpnb,5,177,2.82%,5.89
refrigerador de empotrar,5,175,2.86%,3.94
monogram refrigerador precio,5,167,2.99%,3.36
cviu321x1,5,162,3.09%,4.16
catalogo supra,5,162,3.09%,7.52
sala tejida de plastico,5,158,3.16%,2.93
io311dgi0,5,154,3.25%,6.92
em7622baps1,5,151,3.31%,5.62
deu2450w/r,5,151,3.31%,5.97
cafetera thermador,5,141,3.55%,5.91
asadores monterrey,5,137,3.65%,36.96
pl522212,5,136,3.68%,5.1
ccp06dp4pw2,5,131,3.82%,5.42
hg1986sb,5,131,3.82%,7.69
zgu364ndtss,5,128,3.91%,5.85
homea.,5,127,3.94%,4.15
kitfcdd,5,122,4.1%,28.5
smeg kdd90cne,5,118,4.24%,4.38
mew9530fz,5,118,4.24%,15.18
csb913p3nd1,5,116,4.31%,15.87
asador mixto carbon y gas,5,115,4.35%,6.97
árbol artificial grande interior,5,110,4.55%,6
llave de llenado de ollas,5,109,4.59%,8.24
asko fn31831i,5,102,4.9%,9.22
embs2411ab,5,100,5%,6.23
c1sinkf21,5,97,5.15%,40.08
sub-zero pro 48,5,93,5.38%,5.39
dw2450 cove,5,91,5.49%,4.33
827870,5,91,5.49%,11
como seleccionar un minisplit,5,90,5.56%,3.6
fpfu19f8wf frigidaire,5,89,5.62%,5.55
srt364g,5,88,5.68%,3.99
fogatero exterior,5,87,5.75%,19.24
sub-zero refrigerator precio,5,86,5.81%,6.36
hlv0845fsss,5,84,5.95%,10.11
refrigeradores gemelos io mabe 48 pies cúbicos bottom mount gemidf25eyrcfs,5,83,6.02%,4.88
monogram precio,5,80,6.25%,6.75
lavavajillas whirlpool wdf730sfgd,5,79,6.33%,8.72
campana down draft,5,77,6.49%,1.9
swim spa precio,5,76,6.58%,9.03
prf0097708a,5,75,6.67%,3.07
zhu36rstss,5,75,6.67%,4.96
horno empotrable blanco,5,73,6.85%,1.11
estufa de 90 cm de ancho,5,73,6.85%,3.01
prf0173671,5,71,7.04%,3.48
nevera panelable,5,71,7.04%,7.32
whirlpool wee745h0lz,5,71,7.04%,7.94
sccg50,5,71,7.04%,10.85
prf0092333a,5,69,7.25%,8.52
onm23wkzgs,5,67,7.46%,3.27
zeu36rsjss,5,67,7.46%,11.75
estufa amarilla,5,62,8.06%,3.34
e36gc76prs,5,62,8.06%,15.58
c1c28lp,5,61,8.2%,5.93
fr30prox,5,57,8.77%,2.77
csb913p3vd1,5,56,8.93%,8.71
refrigerador y congelador electrolux,5,54,9.26%,1.13
maytag mgc7536ds,5,47,10.64%,7.77
af6271d,5,42,11.9%,2.67
gcl2340psbb0 centro de lavado,5,41,12.2%,3.88
kc36hertne,5,33,15.15%,2.48
estufa eléctrica 220 v 60 cm inoxidable ge,5,31,16.13%,5.97
kitchenaid kcgs956ess,5,31,16.13%,12.52
monogram zdp366ntss,5,30,16.67%,4.33
invisacook méxico precio,5,28,17.86%,2.11
arturo reyes mejia,5,24,20.83%,10.79
tarja,4,4085,0.1%,17.33
parrilla de induccion,4,2733,0.15%,37.54
chimeneas,4,2437,0.16%,41.91
tipos de estufa,4,2311,0.17%,12.44
pasto sintético precio,4,2067,0.19%,8.78
tarja 1 tina,4,1905,0.21%,8.94
mabe filtro de agua,4,1567,0.26%,6.13
7mwfc5090kc,4,1520,0.26%,7.97
cafe estufa,4,1452,0.28%,10.35
cajon caliente,4,1357,0.29%,16.36
refrigerador de cajon,4,1155,0.35%,8.45
parrilla maytag,4,1126,0.36%,14.41
tarja de 1 tina,4,1054,0.38%,9.14
7mwfw5605mc,4,1048,0.38%,6.47
catalogo de productos mabe,4,948,0.42%,6.83
wd5720z,4,942,0.42%,7.19
tarjas de submontar,4,913,0.44%,6.31
frigobar para vinos,4,906,0.44%,11.61
monogram refrigerador,4,829,0.48%,8.63
asadores coyote,4,813,0.49%,15.28
estufa thermador precio,4,782,0.51%,10.46
muebles exterior,4,776,0.52%,43.43
tarja de una tina con escurridor,4,740,0.54%,7.87
centro de lavado eléctrico,4,722,0.55%,8.88
parrilla de un quemador,4,685,0.58%,7.5
krff507hps,4,635,0.63%,8.28
cajones de refrigerador,4,625,0.64%,7.59
kmcs3022gss,4,613,0.65%,32.13
7mmvw7230lc,4,597,0.67%,8.9
marcas de tarjas,4,577,0.69%,6.69
sf9300gvxk1,4,556,0.72%,8.51
cem7640bapn2,4,524,0.76%,7.43
horno electrolux,4,497,0.8%,5.38
rmb520ibmrx1,4,466,0.86%,6.55
centro de lavado maytag precio,4,465,0.86%,7.64
electrolux refrigerador precio,4,463,0.86%,8.73
refrigerador teka negro,4,460,0.87%,2.17
fmiu020x,4,454,0.88%,11.35
sou3300tx,4,447,0.89%,6.96
io950ts0,4,444,0.9%,6.13
la cornue estufa precio,4,444,0.9%,8.39
emc80170s0,4,430,0.93%,7.8
estufa la cornue,4,427,0.94%,8.64
cava refrigerada,4,423,0.95%,20.34
wk5915bd,4,419,0.95%,14.14
salas de plastico,4,416,0.96%,2.43
io8084getss0,4,403,0.99%,8.42
refrigerador de 90 cm de ancho,4,393,1.02%,4.15
tss906p,4,390,1.03%,6.99
si2951d,4,379,1.06%,5.37
chimenea exterior leña,4,365,1.1%,8.24
parrilla io mabe a gas 6 quemadores 90 cm,4,358,1.12%,7.25
asador de acero inoxidable de gas,4,357,1.12%,8.41
refrigerador de 75 cm de ancho,4,352,1.14%,1.43
extractor smeg,4,321,1.25%,8.02
pvp6014s1,4,309,1.29%,7.04
kitchenaid asador,4,308,1.3%,8.05
io312dvi0,4,299,1.34%,7.64
kbsn708mps,4,297,1.35%,6.64
emh7613dss0,4,285,1.4%,7.71
io6032hewd1,4,283,1.41%,9.03
calentador terraza,4,282,1.42%,8.19
cmpu801bsx0,4,273,1.47%,5.21
io1702li6,4,271,1.48%,8.48
mcl2040esbb0,4,269,1.49%,10.18
árbol artificial grande,4,266,1.5%,10.27
fabrica de hielo scotsman,4,260,1.54%,3.33
pasto queretaro,4,259,1.54%,9.14
mcl2340esdg0,4,254,1.57%,4.39
jcbs631sfss,4,254,1.57%,9.13
horno doble,4,250,1.6%,15.15
refrigerador ge monogram,4,247,1.62%,8.93
estufas la cornue,4,242,1.65%,8.29
woe120s,4,241,1.66%,10.78
cb300u smeg,4,237,1.69%,5.37
home a,4,225,1.78%,2.57
refrigerador 83 cm ancho,4,224,1.79%,2.5
llave para llenar ollas,4,224,1.79%,7.04
aire acondicionado en queretaro,4,224,1.79%,11.25
t36if905sp,4,223,1.79%,3.48
bimwo30l,4,219,1.83%,7.27
tsd559pr,4,217,1.84%,7.49
refrigerador solo,4,210,1.9%,4.13
kuwl214ksb,4,210,1.9%,4.23
tarja de acero inoxidable 3 tinas,4,208,1.92%,3.97
pip8014,4,208,1.92%,9.37
chimenea leña interior,4,203,1.97%,6.82
horno electrolux precio,4,201,1.99%,1.88
refrigerador transparente precio,4,199,2.01%,7.84
hgp8050ye1,4,198,2.02%,9.21
refrigerador frigidare,4,195,2.05%,8.44
baño sauna precio,4,192,2.08%,7.72
chimenea de piso,4,187,2.14%,4.91
plancha de acero inoxidable para estufa,4,182,2.2%,9.67
macetas de fibra de vidrio en queretaro,4,173,2.31%,6.08
prg366wh,4,171,2.34%,3.79
refrigeradores de 70 cm de ancho,4,170,2.35%,3.58
cafetera de empotrar,4,170,2.35%,6.9
lavavajillas smeg panelable,4,167,2.4%,9.26
khd3717a,4,163,2.45%,9.31
kmcs1016gbs,4,159,2.52%,13.22
socu3304mcx,4,152,2.63%,6.43
cts90fp2ns1,4,146,2.74%,5.37
lmh72205wdab0,4,143,2.8%,3.69
wem7643cfis0,4,143,2.8%,5.7
mo30stane/16,4,142,2.82%,6.63
refrigerador panelable méxico,4,139,2.88%,6.83
horno frigidaire gallery,4,134,2.99%,2.97
paquetes de cocina,4,132,3.03%,6.76
asador bariloche,4,132,3.03%,7.12
cava refrigerada para vinos,4,130,3.08%,7.26
parrilla de gas profesional,4,129,3.1%,7.26
sub zero pro 48,4,128,3.12%,11.22
zdp484ngtss,4,124,3.23%,3.99
sf4604wmcnrk,4,124,3.23%,5.52
740-0781,4,123,3.25%,10.15
mejores marcas de hornos a gas,4,118,3.39%,9.27
mer7700lz,4,117,3.42%,3.78
llave llenado de ollas,4,115,3.48%,6.78
plantas artificiales realistas,4,115,3.48%,6.98
frigobar 60 cm altura,4,114,3.51%,3.75
cava de vino empotrable,4,108,3.7%,2.09
xoc80802ct2,4,107,3.74%,5.52
cocina la cornue precio,4,105,3.81%,8.5
bim30ne,4,103,3.88%,4.05
smeg si2741d,4,102,3.92%,8.05
macetas baratas en querétaro,4,100,4%,9.03
xhpc155xw,4,100,4%,9.76
arboles artificiales para exterior,4,98,4.08%,5.38
cts90fp3nd1,4,94,4.26%,5.12
io64ti0,4,94,4.26%,9.1
frigidaire pro,4,93,4.3%,4.48
asador gas natural,4,90,4.44%,6.46
jacuzzi en queretaro,4,87,4.6%,10
wolf ms24,4,85,4.71%,8.46
pcwk22u1wdd,4,83,4.82%,4.18
mejor lavavajillas mexico,4,80,5%,4.6
arbol artificial para exterior,4,78,5.13%,5.22
cl3650r/o/r,4,78,5.13%,5.99
pcg366w,4,77,5.19%,5.6
c2c42lp,4,76,5.26%,4.16
pio64krnr0,4,75,5.33%,7.03
refrigeradores para vino,4,74,5.41%,21.3
estufa 48 pulgadas,4,72,5.56%,4.29
prf0098393,4,71,5.63%,3.99
zhu36rdtbb,4,71,5.63%,4.17
pdm21eskcss,4,71,5.63%,5.28
cava de vinos frigidaire,4,71,5.63%,7.23
prf0187400,4,68,5.88%,2.99
pgp96kmti0,4,68,5.88%,9.84
estufas de 90 cm de ancho,4,67,5.97%,3.45
muebles de jardin queretaro,4,66,6.06%,4.39
estufa 90 cm ancho,4,65,6.15%,3.49
em5060cfix2,4,63,6.35%,2.7
vstr71cux,4,63,6.35%,5.13
cdic coyote,4,62,6.45%,3.84
monogram zgu366ntss,4,60,6.67%,5.47
refrigerador puerta panelable,4,57,7.02%,2.88
nebulizadores para terrazas,4,55,7.27%,7.62
op8636s,4,55,7.27%,10.56
cl4850s/s,4,54,7.41%,3.67
lavadora 60cm,4,54,7.41%,4.3
thermador t36ir905sp,4,53,7.55%,3.11
kodiak cold plunge,4,53,7.55%,5.04
estufa rangemaster,4,52,7.69%,3.4
frigidaire gemelos,4,51,7.84%,4.02
juguera smeg,4,51,7.84%,7.04
chimeneas de leña en mexico,4,47,8.51%,9.36
como comprar un minisplit,4,46,8.7%,1.54
cwe19sp3nd9,4,46,8.7%,2.96
smeg otr316xu,4,46,8.7%,7.76
parrilla induccion invisible,4,40,10%,6.45
teppanyaki teka,4,40,10%,7.45
refri con puertas panelables,4,39,10.26%,2.95
trim io mabe jx160 ficha técnica,4,38,10.53%,2.21
refrigerador y congelador frigidaire,4,36,11.11%,1.19
dw2450 dishwasher,4,36,11.11%,3.06
deu2450wa/l,4,36,11.11%,7.67
monogram ziss480dnss,4,36,11.11%,32.89
kitrhobd6,4,34,11.76%,5.76
bi-36f/s/th,4,32,12.5%,5.19
sub zero pro 48 price,4,30,13.33%,28.13
estufa de caset,4,29,13.79%,3.07
elica filo,4,27,14.81%,5.3
zhu36rspss,4,24,16.67%,9.33
ge jcas640rmss,4,17,23.53%,25.71
vwh536481ss,4,13,30.77%,3.15
fpru19f8w,4,12,33.33%,3
catalogo de electrodomesticos pdf,4,12,33.33%,9.67
refrigerador duplex,3,7010,0.04%,10.46
pasto sintetico precio,3,5275,0.06%,11.71
centro de lavado,3,4997,0.06%,43.8
microcampana,3,2492,0.12%,16.91
refrigeradores gemelos,3,1542,0.19%,10.31
refrigerador kitchenaid 5 puertas,3,1481,0.2%,10.58
refrigeradores duplex,3,1296,0.23%,10.68
refrigerador color pastel,3,1229,0.24%,6.18
bertazzoni estufa,3,1114,0.27%,12